	1990	1991	1992	1993	1994	1995	1996	1997	1998	1999	2000	2001	2002	2003	2004	2005	2006	2007	2008	2009	2010	2011	2012	2013	2014	2015	2016	2017
AE					5.70E-05						4.15E-05					4.26E-05									2.17E-05
AF																7.52E-07								1.34E-06
AG	6.22E-06										7.87E-06
AL	1.32E-06	1.98E-06	1.41E-06	1.43E-06	1.56E-06	1.57E-06	1.61E-06	1.65E-06	1.87E-06	2.02E-06	1.85E-06	2.06E-06	2.07E-06	2.19E-06	2.32E-06	2.31E-06	2.35E-06	2.49E-06	2.54E-06	2.74E-06
AM	7.05E-06										1.80E-06						2.37E-06				2.50E-06
AO											2.82E-06					3.18E-06
AR	7.09E-06				7.49E-06			7.59E-06			7.64E-06										8.13E-06		8.11E-06
AT	1.02E-05	1.06E-05	9.67E-06	9.62E-06	9.59E-06	9.96E-06	1.03E-05	1.03E-05	1.02E-05	9.95E-06	9.96E-06	1.04E-05	1.06E-05	1.12E-05	1.11E-05	1.12E-05	1.09E-05	1.05E-05	1.04E-05	9.60E-06	1.01E-05	9.76E-06	9.39E-06	9.39E-06	8.90E-06	9.09E-06	9.10E-06	9.33E-06
AU	2.47E-05	2.45E-05	2.45E-05	2.42E-05	2.39E-05	2.42E-05	2.43E-05	2.47E-05	2.52E-05	2.52E-05	2.55E-05	2.56E-05	2.56E-05	2.54E-05	2.59E-05	2.58E-05	2.57E-05	2.55E-05	2.52E-05	2.48E-05	2.42E-05	2.39E-05	2.36E-05	2.28E-05	2.22E-05	2.24E-05	2.25E-05	2.25E-05
AZ	1.01E-05	9.04E-06	7.71E-06	6.71E-06	5.87E-06	6.11E-06	5.13E-06	4.96E-06	4.86E-06	4.86E-06	5.00E-06	4.98E-06	4.93E-06	5.23E-06	5.47E-06	5.78E-06	5.71E-06	5.38E-06	6.10E-06	5.41E-06	5.32E-06	5.37E-06	5.59E-06	6.18E-06
BA	7.63E-06	7.05E-06	2.50E-06	9.83E-07	1.14E-06	1.16E-06	1.97E-06	2.74E-06	3.81E-06	3.90E-06	4.07E-06	4.29E-06	4.28E-06	4.37E-06	4.64E-06	4.37E-06	4.97E-06	5.00E-06	5.43E-06	6.36E-06	6.94E-06	7.68E-06	6.06E-06	6.79E-06	7.40E-06
BB	1.26E-05				1.42E-05			1.51E-05			5.57E-06	5.28E-06	5.66E-06	5.64E-06	5.80E-06	5.95E-06	6.04E-06	6.35E-06	6.66E-06	6.84E-06	7.02E-06
BD					4.06E-07							6.53E-07				7.15E-07
BE	1.47E-05	1.49E-05	1.47E-05	1.46E-05	1.50E-05	1.52E-05	1.55E-05	1.47E-05	1.52E-05	1.44E-05	1.45E-05	1.44E-05	1.42E-05	1.42E-05	1.42E-05	1.38E-05	1.35E-05	1.30E-05	1.29E-05	1.16E-05	1.22E-05	1.11E-05	1.08E-05	1.07E-05	1.01E-05	1.04E-05	1.02E-05	1.00E-05
BG	1.15E-05	9.51E-06	8.96E-06	8.95E-06	8.63E-06	8.90E-06	9.02E-06	8.74E-06	8.35E-06	7.52E-06	7.45E-06	7.90E-06	7.59E-06	8.23E-06	8.18E-06	8.31E-06	8.45E-06	9.02E-06	8.90E-06	7.76E-06	8.15E-06	8.92E-06	8.29E-06	7.61E-06	8.07E-06	8.57E-06	8.26E-06	8.64E-06
BH					3.56E-05						3.36E-05
BI									3.22E-07							3.60E-06
BJ						6.66E-06					9.10E-07
BN																					2.44E-05
BO	2.23E-06				2.77E-06				5.94E-06		5.10E-06		3.53E-06		4.81E-06
BR	3.69E-06	3.76E-06	3.77E-06	3.77E-06	3.84E-06	3.93E-06	3.89E-06	4.00E-06	4.04E-06	4.09E-06	4.15E-06	4.21E-06	4.23E-06	4.28E-06	4.43E-06	4.46E-06	4.44E-06	4.42E-06	4.53E-06	4.41E-06	4.68E-06	4.82E-06	4.94E-06	5.09E-06	5.18E-06	5.03E-06
BS	7.48E-06				7.96E-06						2.43E-06
BT					2.43E-06						2.63E-06
BW					6.50E-06						3.74E-06
BY	1.37E-05	1.28E-05	1.19E-05	1.06E-05	9.08E-06	8.29E-06	8.57E-06	8.94E-06	8.65E-06	8.35E-06	8.23E-06	8.28E-06	8.20E-06	8.48E-06	9.03E-06	9.23E-06	9.69E-06	9.68E-06	1.01E-05	9.70E-06	9.95E-06	9.91E-06	1.00E-05	1.01E-05	1.00E-05	9.53E-06	9.69E-06	9.94E-06
BZ					3.14E-05						4.77E-05			4.75E-06			4.47E-06			3.82E-06
CA	2.19E-05	2.13E-05	2.16E-05	2.15E-05	2.19E-05	2.23E-05	2.28E-05	2.31E-05	2.32E-05	2.33E-05	2.39E-05	2.33E-05	2.32E-05	2.35E-05	2.34E-05	2.27E-05	2.22E-05	2.26E-05	2.17E-05	2.02E-05	2.03E-05	2.04E-05	2.04E-05	2.05E-05	2.03E-05	2.01E-05	1.94E-05	1.95E-05
CD					1.11E-06					1.05E-06	9.93E-07	9.51E-07	9.20E-07	8.95E-07
CF					1.20E-05									8.32E-06	8.15E-06	7.99E-06	2.37E-06	2.33E-06	2.29E-06	1.20E-06	1.19E-06
CG					5.23E-07						6.60E-07
CH	8.01E-06	8.20E-06	8.08E-06	7.62E-06	7.40E-06	7.46E-06	7.50E-06	7.30E-06	7.51E-06	7.44E-06	7.33E-06	7.51E-06	7.24E-06	7.35E-06	7.38E-06	7.40E-06	7.28E-06	6.96E-06	7.08E-06	6.82E-06	6.93E-06	6.32E-06	6.42E-06	6.44E-06	5.89E-06	5.76E-06	5.75E-06	5.57E-06
CI					1.80E-06						1.64E-05
CL	3.76E-06			3.61E-06	3.96E-06						4.84E-06						4.81E-06				5.23E-06			5.77E-06			5.98E-06
CM					1.26E-05						1.87E-06
CN					3.30E-06											5.61E-06							8.62E-06
CO	3.59E-06				3.84E-06						3.72E-06				3.66E-06
CR	1.95E-06						2.97E-06				2.79E-06					2.82E-06
CU	4.49E-06		3.11E-06		3.02E-06		3.42E-06		3.55E-06		3.40E-06		3.24E-06
CV						7.59E-07					1.05E-06
CY	7.39E-06	7.90E-06	8.26E-06	8.42E-06	8.54E-06	8.30E-06	8.52E-06	8.45E-06	8.65E-06	8.78E-06	8.89E-06	8.67E-06	8.75E-06	8.99E-06	9.05E-06	9.06E-06	9.09E-06	9.32E-06	9.29E-06	8.89E-06	8.52E-06	8.13E-06	7.51E-06	6.88E-06	7.14E-06	7.16E-06	7.47E-06	7.58E-06
DE	1.58E-05	1.51E-05	1.44E-05	1.42E-05	1.39E-05	1.38E-05	1.40E-05	1.36E-05	1.33E-05	1.29E-05	1.28E-05	1.30E-05	1.27E-05	1.27E-05	1.25E-05	1.22E-05	1.23E-05	1.20E-05	1.20E-05	1.12E-05	1.17E-05	1.14E-05	1.14E-05	1.16E-05	1.11E-05	1.11E-05	1.11E-05	1.10E-05
DJ					8.21E-07						1.49E-06
DK	1.37E-05	1.58E-05	1.45E-05	1.49E-05	1.56E-05	1.50E-05	1.74E-05	1.55E-05	1.47E-05	1.42E-05	1.34E-05	1.36E-05	1.35E-05	1.44E-05	1.32E-05	1.24E-05	1.38E-05	1.29E-05	1.21E-05	1.16E-05	1.16E-05	1.06E-05	9.69E-06	9.93E-06	9.16E-06	8.66E-06	8.98E-06	8.59E-06
DM					2.14E-06						2.50E-06	2.65E-06	2.54E-06	2.52E-06	2.38E-06	2.58E-06
DO	1.77E-06				2.66E-06				2.89E-06		3.12E-06										2.60E-06
DZ					3.25E-06						3.58E-06
EC	1.75E-05				2.99E-06						2.92E-06						3.42E-06				3.76E-06		3.88E-06
EE	2.58E-05	2.41E-05	1.80E-05	1.43E-05	1.51E-05	1.42E-05	1.48E-05	1.46E-05	1.35E-05	1.26E-05	1.24E-05	1.28E-05	1.25E-05	1.39E-05	1.42E-05	1.41E-05	1.37E-05	1.66E-05	1.50E-05	1.25E-05	1.60E-05	1.60E-05	1.53E-05	1.66E-05	1.60E-05	1.37E-05	1.49E-05	1.58E-05
EG	2.08E-06										2.81E-06					3.20E-06
ER					1.88E-06	3.79E-07	4.22E-07	3.89E-07	3.21E-07	3.39E-07	1.72E-06
ES	7.36E-06	7.54E-06	7.77E-06	7.49E-06	7.87E-06	8.26E-06	8.03E-06	8.37E-06	8.57E-06	9.19E-06	9.50E-06	9.33E-06	9.63E-06	9.65E-06	9.86E-06	1.00E-05	9.71E-06	9.81E-06	8.92E-06	7.99E-06	7.63E-06	7.59E-06	7.45E-06	6.90E-06	6.97E-06	7.23E-06	7.00E-06	7.30E-06
ET	8.98E-07	8.99E-07	8.50E-07	8.27E-07	8.25E-07	7.92E-07	8.05E-07	1.13E-06	1.11E-06	1.08E-06	1.03E-06	1.04E-06	1.12E-06	1.08E-06	1.09E-06	8.23E-07	9.21E-07	9.25E-07	1.01E-06	1.02E-06	1.06E-06	1.00E-06	1.02E-06	9.96E-07
FI	1.42E-05	1.37E-05	1.34E-05	1.38E-05	1.48E-05	1.40E-05	1.51E-05	1.48E-05	1.41E-05	1.39E-05	1.35E-05	1.45E-05	1.50E-05	1.64E-05	1.56E-05	1.33E-05	1.54E-05	1.50E-05	1.34E-05	1.27E-05	1.41E-05	1.26E-05	1.15E-05	1.16E-05	1.08E-05	1.01E-05	1.06E-05	1.00E-05
FJ					1.82E-06										3.31E-06
FM					2.32E-06						1.63E-06
FR	9.72E-06	1.02E-05	9.92E-06	9.50E-06	9.35E-06	9.46E-06	9.73E-06	9.57E-06	9.77E-06	9.59E-06	9.43E-06	9.45E-06	9.28E-06	9.28E-06	9.19E-06	9.16E-06	8.90E-06	8.67E-06	8.53E-06	8.17E-06	8.22E-06	7.77E-06	7.72E-06	7.69E-06	7.19E-06	7.23E-06	7.23E-06	7.27E-06
GA					6.16E-06						5.01E-06
GB	1.40E-05	1.41E-05	1.37E-05	1.33E-05	1.31E-05	1.30E-05	1.33E-05	1.28E-05	1.28E-05	1.22E-05	1.22E-05	1.22E-05	1.18E-05	1.18E-05	1.17E-05	1.15E-05	1.13E-05	1.10E-05	1.06E-05	9.55E-06	9.67E-06	8.86E-06	9.05E-06	8.77E-06	8.10E-06	7.77E-06	7.35E-06	7.11E-06
GD					1.62E-05
GE	7.15E-06	6.77E-06	4.46E-06	2.80E-06	2.10E-06	1.71E-06	2.42E-06	1.95E-06			2.44E-06	2.33E-06	2.31E-06	2.46E-06	2.63E-06	2.71E-06	3.29E-06	3.46E-06	3.33E-06	3.17E-06	3.14E-06	3.91E-06	4.23E-06	4.10E-06
GH	6.24E-07	5.79E-07	5.87E-07	5.95E-07	5.88E-07	5.96E-07	6.16E-07	6.52E-07	6.42E-07	6.73E-07	7.41E-07	7.25E-07	7.45E-07	7.55E-07	7.22E-07	7.44E-07	8.14E-07
GM				4.02E-06							1.47E-05
GN					7.14E-07						5.79E-06
GR	1.01E-05	1.00E-05	1.00E-05	9.91E-06	1.01E-05	1.02E-05	1.04E-05	1.08E-05	1.12E-05	1.12E-05	1.14E-05	1.15E-05	1.14E-05	1.17E-05	1.18E-05	1.22E-05	1.18E-05	1.22E-05	1.20E-05	1.13E-05	1.09E-05	1.07E-05	1.04E-05	9.58E-06	9.26E-06	8.91E-06	8.65E-06	9.00E-06
GT	1.59E-06				1.72E-06						1.70E-06					1.75E-06
GW					1.58E-06												1.56E-06				8.60E-06
GY	3.65E-06	3.67E-06	3.65E-06	3.65E-06	3.63E-06	3.57E-06	3.76E-06	4.02E-06	4.06E-06	4.25E-06	4.03E-06	4.67E-06	3.76E-06	4.17E-06	4.12E-06
HN						1.90E-06					1.57E-06
HR	6.66E-06	5.26E-06	4.89E-06	4.95E-06	4.79E-06	4.96E-06	5.15E-06	5.47E-06	5.59E-06	5.88E-06	5.84E-06	6.14E-06	6.39E-06	6.72E-06	6.76E-06	6.85E-06	6.96E-06	7.29E-06	7.09E-06	6.57E-06	6.49E-06	6.45E-06	6.03E-06	5.74E-06	5.58E-06	5.73E-06	5.79E-06	5.99E-06
HT					5.35E-07	6.93E-07	7.75E-07	8.01E-07	7.95E-07	8.10E-07	7.90E-07
HU	9.01E-06	8.37E-06	7.40E-06	7.49E-06	7.38E-06	7.31E-06	7.54E-06	7.39E-06	7.35E-06	7.46E-06	7.18E-06	7.38E-06	7.22E-06	7.59E-06	7.49E-06	7.46E-06	7.34E-06	7.24E-06	7.06E-06	6.48E-06	6.54E-06	6.40E-06	6.05E-06	5.78E-06	5.86E-06	6.21E-06	6.27E-06	6.56E-06
ID	1.47E-06	1.58E-06	1.63E-06	1.67E-06	1.72E-06						2.61E-06
IL							1.06E-05				1.13E-05			1.14E-05	1.13E-05	1.11E-05	1.11E-05	1.13E-05	1.12E-05	1.04E-05	1.05E-05	1.06E-05	1.12E-05	1.03E-05	9.84E-06	1.01E-05
IN					1.28E-06						1.44E-06										1.71E-06
IQ								3.40E-06
IR					6.36E-06						7.37E-06
IS	1.41E-05	1.31E-05	1.27E-05	1.28E-05	1.25E-05	1.28E-05	1.29E-05	1.34E-05	1.38E-05	1.45E-05	1.44E-05	1.39E-05	1.41E-05	1.38E-05	1.40E-05	1.34E-05	1.52E-05	1.59E-05	1.69E-05	1.56E-05	1.51E-05	1.42E-05	1.41E-05	1.41E-05	1.41E-05	1.43E-05	1.40E-05	1.42E-05
IT	9.08E-06	9.09E-06	9.03E-06	8.91E-06	8.80E-06	9.31E-06	9.20E-06	9.35E-06	9.58E-06	9.67E-06	9.77E-06	9.86E-06	9.81E-06	9.99E-06	1.00E-05	9.96E-06	9.74E-06	9.55E-06	9.30E-06	8.40E-06	8.53E-06	8.26E-06	7.89E-06	7.35E-06	7.06E-06	7.16E-06	7.12E-06	7.05E-06
JM					4.63E-05												5.81E-06	5.69E-06	6.64E-06	5.55E-06	5.29E-06		5.25E-06
JO					4.98E-06						3.79E-06						4.63E-06
JP	1.02E-05	1.03E-05	1.04E-05	1.02E-05	1.07E-05	1.09E-05	1.09E-05	1.09E-05	1.05E-05	1.07E-05	1.07E-05	1.05E-05	1.07E-05	1.08E-05	1.07E-05	1.08E-05	1.06E-05	1.09E-05	1.02E-05	9.68E-06	1.01E-05	1.06E-05	1.09E-05	1.10E-05	1.06E-05	1.03E-05	1.02E-05	1.01E-05
KE					7.95E-07	1.25E-06					1.07E-06					1.09E-06					1.19E-06
KG	6.50E-06	5.78E-06	4.97E-06	3.94E-06	2.95E-06	2.15E-06	2.11E-06	2.29E-06	2.01E-06	1.90E-06	1.89E-06	1.86E-06	1.97E-06	2.05E-06	2.18E-06	2.24E-06	2.23E-06	2.41E-06	2.62E-06	2.56E-06	2.36E-06
KH					1.24E-06						1.98E-06
KI					3.65E-07										3.28E-07	3.38E-07	2.72E-06	2.81E-06	1.72E-06
KM					1.11E-06						5.26E-07
KN					3.95E-06
KP	1.02E-05				7.29E-06						3.58E-06		3.75E-06
KR	6.83E-06	7.29E-06	7.84E-06	8.55E-06	9.01E-06	9.65E-06	1.03E-05	1.08E-05	9.23E-06	9.95E-06	1.06E-05	1.08E-05	1.11E-05	1.13E-05	1.14E-05	1.15E-05	1.15E-05	1.18E-05	1.20E-05	1.21E-05	1.33E-05	1.37E-05	1.37E-05	1.38E-05	1.36E-05
KW					1.95E-05
KZ	2.35E-05	2.27E-05	2.11E-05	1.88E-05	1.60E-05	1.50E-05	1.40E-05	1.35E-05	1.35E-05	1.18E-05	1.43E-05	1.16E-05	1.28E-05	1.43E-05	1.47E-05	1.55E-05	1.70E-05	1.75E-05	1.75E-05	1.70E-05	1.87E-05	1.79E-05	1.80E-05	1.82E-05	1.88E-05	1.88E-05	1.89E-05	1.95E-05
LA	1.61E-06										1.67E-06
LB					4.62E-06						4.80E-06											4.71E-06	4.73E-06	4.42E-06
LC					6.11E-06						3.14E-06					3.35E-06					3.72E-06
LI	7.95E-06	8.10E-06	8.00E-06	8.13E-06	7.57E-06	7.58E-06	7.53E-06	7.83E-06	8.05E-06	7.84E-06	7.46E-06	7.38E-06	7.48E-06	7.71E-06	7.69E-06	7.64E-06	7.67E-06	6.79E-06	7.30E-06	6.84E-06	6.37E-06	5.96E-06	6.16E-06	6.29E-06	5.39E-06	5.27E-06	4.98E-06	5.12E-06
LK				1.58E-06	1.64E-06	1.60E-06					1.00E-06
LR											2.81E-06
LS					9.79E-07						1.73E-06
LT	1.30E-05	1.36E-05	8.38E-06	6.77E-06	6.41E-06	6.16E-06	6.49E-06	6.40E-06	6.70E-06	5.97E-06	5.57E-06	5.84E-06	6.00E-06	6.10E-06	6.40E-06	6.84E-06	7.01E-06	7.76E-06	7.58E-06	6.28E-06	6.64E-06	6.91E-06	6.96E-06	6.63E-06	6.70E-06	6.90E-06	6.98E-06	7.16E-06
LU	3.34E-05	3.47E-05	3.36E-05	3.35E-05	3.10E-05	2.47E-05	2.45E-05	2.26E-05	2.03E-05	2.11E-05	2.22E-05	2.31E-05	2.46E-05	2.55E-05	2.83E-05	2.84E-05	2.76E-05	2.58E-05	2.51E-05	2.34E-05	2.40E-05	2.32E-05	2.22E-05	2.07E-05	1.94E-05	1.82E-05	1.74E-05	1.73E-05
LV	9.87E-06	9.19E-06	7.49E-06	6.28E-06	5.62E-06	5.14E-06	5.22E-06	5.05E-06	4.89E-06	4.61E-06	4.41E-06	4.69E-06	4.74E-06	4.86E-06	4.92E-06	5.06E-06	5.33E-06	5.61E-06	5.47E-06	5.22E-06	5.79E-06	5.50E-06	5.47E-06	5.52E-06	5.53E-06	5.63E-06	5.72E-06	5.80E-06
MA					1.67E-06						2.07E-06				2.37E-06	2.45E-06	2.48E-06		2.71E-06		3.11E-06		2.89E-06
MC	3.45E-06	3.46E-06	3.61E-06	3.56E-06	3.55E-06	3.40E-06	3.51E-06	3.41E-06	3.35E-06	3.38E-06	3.38E-06	3.27E-06	3.24E-06	3.15E-06	2.98E-06	2.92E-06	2.68E-06	2.75E-06	2.66E-06	2.49E-06	2.46E-06	2.37E-06	2.42E-06	2.44E-06	2.25E-06	2.35E-06	2.30E-06	2.25E-06
MD	9.94E-06	8.85E-06	6.56E-06	5.31E-06	4.81E-06	4.01E-06	4.00E-06	3.74E-06	3.30E-06	2.78E-06	2.55E-06	2.73E-06	2.67E-06	2.79E-06	2.95E-06	3.07E-06	2.88E-06	2.82E-06	3.18E-06	3.20E-06	3.41E-06	3.47E-06	3.28E-06	3.15E-06
ME	9.28E-06	1.06E-05	7.40E-06	5.38E-06	3.57E-06	2.27E-06	7.15E-06	6.96E-06	7.64E-06	7.74E-06	9.13E-06	8.48E-06	9.28E-06	7.91E-06	7.87E-06	7.32E-06	7.51E-06	7.51E-06	7.03E-06	4.95E-06	6.45E-06	6.18E-06
MG					1.67E-06						1.86E-06					1.42E-06	1.47E-06	1.43E-06	1.36E-06	1.33E-06	1.31E-06
MH											2.41E-06					2.44E-06					3.01E-06
MK	6.63E-06	6.28E-06	5.97E-06	6.21E-06	6.09E-06	6.10E-06	5.84E-06	6.13E-06	6.42E-06	6.16E-06	5.96E-06	5.94E-06	5.97E-06	5.99E-06	6.03E-06	6.33E-06	5.80E-06	5.99E-06	6.03E-06	5.55E-06
ML						9.04E-07					1.13E-06										3.52E-06
MM											7.28E-07	7.23E-07	7.29E-07	7.51E-07	7.72E-07	7.85E-07
MN	8.86E-06	7.96E-06	7.15E-06	6.74E-06	6.29E-06	6.20E-06	6.59E-06	6.81E-06	6.75E-06								6.92E-06
MR						1.87E-06					2.64E-06
MT	5.81E-06	6.25E-06	6.75E-06	6.75E-06	7.16E-06	7.10E-06	6.94E-06	7.01E-06	6.99E-06	7.05E-06	7.02E-06	6.76E-06	6.72E-06	7.22E-06	7.02E-06	7.18E-06	7.30E-06	7.51E-06	7.52E-06	6.99E-06	7.03E-06	7.17E-06	7.55E-06	6.71E-06	6.69E-06	5.04E-06	4.35E-06	4.91E-06
MU						3.10E-06					3.36E-06	3.56E-06	3.46E-06	3.58E-06	3.54E-06	3.56E-06	4.46E-06							5.23E-06
MV					6.14E-07																	3.23E-06
MW	8.56E-07				7.25E-07
MX	4.82E-06	4.88E-06	4.80E-06	4.79E-06	4.98E-06	4.77E-06	4.93E-06	5.08E-06	5.25E-06	5.06E-06	5.31E-06	5.17E-06	5.03E-06	5.08E-06	5.27E-06	5.30E-06	5.39E-06	5.60E-06	5.79E-06	5.56E-06	5.60E-06	5.61E-06	5.53E-06	5.09E-06
MY	3.74E-06	5.11E-06	5.37E-06	5.77E-06	6.18E-06	6.10E-06	6.84E-06	7.58E-06	7.05E-06	7.46E-06	8.44E-06	8.65E-06	8.81E-06	9.20E-06	9.72E-06	1.02E-05	1.01E-05	1.05E-05	1.06E-05	1.01E-05	1.07E-05	1.00E-05
MZ	5.22E-07				5.52E-07
NA					3.52E-06						5.08E-06
NG					2.65E-05						1.88E-05
NG					2.31E-06						1.74E-06
NI					1.68E-06						2.36E-06
NL	1.47E-05	1.51E-05	1.51E-05	1.50E-05	1.50E-05	1.49E-05	1.55E-05	1.49E-05	1.49E-05	1.40E-05	1.38E-05	1.38E-05	1.35E-05	1.35E-05	1.35E-05	1.31E-05	1.28E-05	1.26E-05	1.25E-05	1.21E-05	1.28E-05	1.19E-05	1.16E-05	1.16E-05	1.11E-05	1.16E-05	1.15E-05	1.14E-05
NO	1.20E-05	1.15E-05	1.10E-05	1.14E-05	1.18E-05	1.17E-05	1.24E-05	1.23E-05	1.22E-05	1.24E-05	1.22E-05	1.24E-05	1.21E-05	1.22E-05	1.22E-05	1.20E-05	1.18E-05	1.21E-05	1.17E-05	1.10E-05	1.13E-05	1.10E-05	1.08E-05	1.06E-05	1.05E-05	1.05E-05	1.02E-05	9.95E-06
NP					1.49E-06						1.09E-06
NR					3.42E-06						1.87E-06			4.15E-06				2.29E-06			4.22E-06
NZ	1.93E-05	1.93E-05	1.93E-05	1.89E-05	1.90E-05	1.89E-05	1.92E-05	1.98E-05	1.91E-05	1.94E-05	1.97E-05	2.02E-05	2.00E-05	2.03E-05	1.99E-05	2.01E-05	1.99E-05	1.92E-05	1.90E-05	1.82E-05	1.81E-05	1.78E-05	1.81E-05	1.78E-05	1.78E-05	1.76E-05	1.70E-05	1.72E-05
OM					9.71E-06
PA					3.99E-06						3.20E-06
PE					2.41E-06						2.38E-06										2.78E-06		2.87E-06
PG					9.89E-07						1.74E-06
PH					1.48E-06						1.63E-06
PK					1.34E-06
PL	1.25E-05	1.21E-05	1.18E-05	1.17E-05	1.16E-05	1.16E-05	1.19E-05	1.17E-05	1.08E-05	1.05E-05	1.02E-05	1.02E-05	9.98E-06	1.04E-05	1.05E-05	1.05E-05	1.09E-05	1.09E-05	1.07E-05	1.02E-05	1.07E-05	1.07E-05	1.06E-05	1.05E-05	1.02E-05	1.03E-05	1.05E-05	1.09E-05
PS																						7.86E-07
PT	5.97E-06	6.13E-06	6.54E-06	6.37E-06	6.45E-06	6.82E-06	6.60E-06	6.86E-06	7.32E-06	8.03E-06	7.97E-06	7.93E-06	8.23E-06	7.72E-06	7.94E-06	8.15E-06	7.70E-06	7.41E-06	7.18E-06	6.89E-06	6.49E-06	6.36E-06	6.24E-06	6.07E-06	6.13E-06	6.51E-06	6.40E-06	6.85E-06
PW					6.28E-06	1.15E-06	1.84E-06	4.73E-06	9.30E-06	2.50E-06	4.84E-06
PY	1.33E-05				5.64E-06						4.40E-06					5.55E-06						6.97E-06	7.05E-06
QA																		5.05E-05
RO	1.06E-05	8.72E-06	8.16E-06	7.82E-06	7.80E-06	8.14E-06	8.31E-06	8.23E-06	7.41E-06	6.63E-06	6.48E-06	6.64E-06	6.80E-06	7.09E-06	7.06E-06	7.07E-06	7.17E-06	7.29E-06	7.19E-06	6.29E-06	6.04E-06	6.37E-06	6.23E-06	5.79E-06	5.82E-06	5.85E-06	5.77E-06	5.78E-06
RS	8.49E-06								6.85E-06
RU	2.15E-05	2.04E-05	1.71E-05	1.62E-05	1.44E-05	1.41E-05	1.37E-05	1.29E-05	1.28E-05	1.30E-05	1.30E-05	1.33E-05	1.33E-05	1.35E-05	1.37E-05	1.38E-05	1.44E-05	1.44E-05	1.47E-05	1.37E-05	1.44E-05	1.47E-05	1.49E-05	1.45E-05	1.44E-05	1.44E-05	1.45E-05	1.48E-05
RW													2.82E-07			6.99E-07
SA	1.02E-05										1.43E-05										1.92E-05		1.88E-05
SB					8.43E-07						1.02E-06					1.05E-06					1.17E-06
SC						3.25E-06					4.08E-06
SD						2.25E-06					2.48E-06
SE	8.32E-06	8.28E-06	8.16E-06	8.14E-06	8.36E-06	8.29E-06	8.68E-06	8.13E-06	8.17E-06	7.85E-06	7.71E-06	7.74E-06	7.82E-06	7.84E-06	7.71E-06	7.37E-06	7.31E-06	7.09E-06	6.77E-06	6.27E-06	6.85E-06	6.36E-06	5.96E-06	5.76E-06	5.56E-06	5.48E-06	5.38E-06	5.32E-06
SG					7.85E-06						9.63E-06										9.14E-06		9.00E-06
SI	9.27E-06	8.62E-06	8.67E-06	8.81E-06	9.01E-06	9.41E-06	9.73E-06	9.90E-06	9.78E-06	9.46E-06	9.59E-06	1.00E-05	1.01E-05	1.00E-05	1.02E-05	1.03E-05	1.04E-05	1.04E-05	1.07E-05	9.66E-06	9.62E-06	9.58E-06	9.25E-06	8.91E-06	8.03E-06	8.13E-06	8.54E-06	8.39E-06
SK	1.39E-05	1.20E-05	1.10E-05	1.03E-05	9.82E-06	9.89E-06	9.88E-06	9.84E-06	9.71E-06	9.47E-06	9.11E-06	9.53E-06	9.28E-06	9.34E-06	9.47E-06	9.47E-06	9.45E-06	9.12E-06	9.21E-06	8.41E-06	8.57E-06	8.42E-06	7.96E-06	7.88E-06	7.49E-06	7.66E-06	7.75E-06	7.95E-06
SM																		7.89E-06			8.57E-06
SN											1.72E-06					1.22E-06
SR														6.82E-06
ST									6.10E-07							6.32E-07
SV					2.11E-06											1.83E-06
SY					3.77E-06	3.85E-06	3.73E-06	3.77E-06	3.99E-06	4.03E-06	4.25E-06	4.12E-06	4.16E-06	4.19E-06	4.20E-06	4.31E-06
SZ					8.30E-06
TD				1.22E-06					3.12E-06	2.87E-06	2.74E-06	2.81E-06	2.50E-06	2.74E-06
TG			1.08E-06	1.15E-06	1.13E-06	1.18E-06	1.27E-06	1.29E-06	1.36E-06		9.99E-07					1.10E-06
TH					3.80E-06						3.59E-06	3.75E-06	3.90E-06	4.06E-06	4.29E-06	4.40E-06	4.42E-06	4.55E-06	4.56E-06	4.55E-06	4.69E-06	4.66E-06	4.79E-06	4.68E-06
TJ	4.58E-06	4.44E-06	3.69E-06	3.22E-06	2.13E-06	1.65E-06	1.35E-06	1.34E-06	1.16E-06	1.10E-06	1.09E-06	1.10E-06	1.12E-06	1.15E-06	1.26E-06	1.16E-06	1.22E-06	1.08E-06	1.06E-06	1.12E-06	1.09E-06
TL																					1.17E-06
TM					8.47E-06						1.11E-05				1.60E-05						1.30E-05
TN					2.80E-06						3.53E-06
TO					2.40E-06						2.50E-06
TR	4.07E-06	4.13E-06	4.18E-06	4.24E-06	4.06E-06	4.23E-06	4.50E-06	4.61E-06	4.57E-06	4.46E-06	4.73E-06	4.37E-06	4.39E-06	4.62E-06	4.70E-06	4.97E-06	5.21E-06	5.62E-06	5.51E-06	5.55E-06	5.51E-06	5.83E-06	5.98E-06	5.78E-06	5.93E-06	6.02E-06	6.25E-06	6.49E-06
TT	1.31E-05
TV					6.01E-07																				1.68E-06
TZ	1.55E-06				1.36E-06
UA	1.82E-05	1.66E-05	1.55E-05	1.38E-05	1.18E-05	1.10E-05	1.01E-05	9.90E-06	9.62E-06	9.07E-06	8.72E-06	9.17E-06	8.93E-06	9.21E-06	9.34E-06	9.38E-06	9.82E-06	9.94E-06	9.71E-06	8.44E-06	8.85E-06	9.34E-06	9.13E-06	8.97E-06	7.99E-06	7.06E-06	7.50E-06	7.21E-06
UG					2.10E-06						1.16E-06
US	2.53E-05	2.48E-05	2.50E-05	2.51E-05	2.53E-05	2.53E-05	2.58E-05	2.56E-05	2.56E-05	2.53E-05	2.56E-05	2.50E-05	2.49E-05	2.48E-05	2.51E-05	2.49E-05	2.44E-05	2.45E-05	2.36E-05	2.19E-05	2.25E-05	2.18E-05	2.08E-05	2.12E-05	2.12E-05	2.06E-05	2.01E-05	1.99E-05
UY	8.25E-06				8.78E-06				9.80E-06		8.55E-06		9.25E-06		9.16E-06		1.05E-05		1.11E-05		9.29E-06		1.01E-05		9.58E-06
UZ	8.84E-06	8.76E-06	8.24E-06	9.27E-06	8.23E-06	8.08E-06	8.14E-06	7.60E-06	7.23E-06	7.47E-06	7.98E-06	7.96E-06	8.04E-06	7.85E-06	7.62E-06	7.43E-06	7.90E-06	7.81E-06	8.24E-06	7.39E-06	6.99E-06	7.04E-06	6.98E-06
VC	3.67E-06				3.51E-06			3.80E-06			2.73E-06				3.50E-06
VE										8.11E-06
VN					1.15E-06						1.70E-06										3.02E-06			3.07E-06
VU					1.83E-06						3.17E-06
WS					3.32E-06
YE						1.20E-06					1.48E-06										1.47E-06		1.55E-06
ZA	9.44E-06				9.36E-06
ZM					3.69E-06						1.39E-06
ZW					2.44E-06						5.76E-06						1.74E-06

